{"IcoMoonType":"selection","icons":[{"icon":{"paths":["M512 0c-176.732 0-320 143.268-320 320 0 320 320 704 320 704s320-384 320-704c0-176.732-143.27-320-320-320zM512 512c-106.040 0-192-85.96-192-192s85.96-192 192-192 192 85.96 192 192-85.96 192-192 192z"],"tags":["location","map-marker","pin"],"defaultCode":59719,"grid":16,"attrs":[]},"attrs":[],"properties":{"ligatures":"location, map-marker","name":"location","order":3,"id":72,"prevSize":32,"code":59719},"setIdx":0,"setId":1,"iconIdx":71}],"height":1024,"metadata":{"name":"icomoon"},"preferences":{"showGlyphs":true,"showQuickUse":true,"showQuickUse2":true,"showSVGs":true,"fontPref":{"prefix":"icon-","metadata":{"fontFamily":"icomoon","majorVersion":1,"minorVersion":0},"metrics":{"emSize":1024,"baseline":6.25,"whitespace":50},"embed":false,"showSelector":true,"selector":"i","classSelector":".icon","showMetrics":false,"showMetadata":false,"showVersion":false,"cssVars":true,"cssVarsFormat":"less"},"imagePref":{"prefix":"icon-","png":true,"useClassSelector":true,"color":0,"bgColor":16777215,"classSelector":".icon"},"historySize":50,"showCodes":true,"gridSize":16}}